주문 ID,반품
ID-2018-17286,예
ID-2018-17286,예
ID-2018-20604,예
ID-2018-20604,예
ID-2018-20604,예
ID-2018-20604,예
ID-2018-20975,예
ID-2018-20989,예
ID-2018-20989,예
ID-2018-22013,예
ID-2018-22013,예
ID-2018-22013,예
ID-2018-23068,예
ID-2018-23593,예
ID-2018-23593,예
ID-2018-24160,예
ID-2018-24160,예
ID-2018-27779,예
ID-2018-27779,예
ID-2018-27779,예
ID-2018-33295,예
ID-2018-49031,예
ID-2018-49031,예
ID-2018-49031,예
ID-2018-50655,예
ID-2018-50655,예
ID-2018-50655,예
ID-2018-50655,예
ID-2018-55142,예
ID-2018-57718,예
ID-2018-57718,예
ID-2018-57718,예
ID-2018-59293,예
ID-2018-59293,예
ID-2018-59293,예
ID-2018-64599,예
ID-2018-64599,예
ID-2018-64599,예
ID-2018-65124,예
ID-2018-69142,예
ID-2018-69142,예
ID-2018-72096,예
ID-2018-72096,예
ID-2018-75652,예
ID-2018-75652,예
ID-2018-75652,예
ID-2018-77619,예
ID-2018-77619,예
ID-2018-77619,예
ID-2018-77619,예
ID-2018-77619,예
ID-2018-77619,예
ID-2018-77619,예
ID-2018-77619,예
ID-2018-77619,예
ID-2018-77619,예
ID-2018-78592,예
ID-2018-78592,예
ID-2018-78592,예
ID-2019-13982,예
ID-2019-16257,예
ID-2019-16257,예
ID-2019-16257,예
ID-2019-16257,예
ID-2019-16257,예
ID-2019-21563,예
ID-2019-28255,예
ID-2019-28255,예
ID-2019-32350,예
ID-2019-32350,예
ID-2019-44173,예
ID-2019-57193,예
ID-2019-57193,예
ID-2019-57193,예
ID-2019-62345,예
ID-2019-62345,예
ID-2019-70857,예
ID-2019-70857,예
ID-2019-72453,예
ID-2019-85095,예
ID-2019-85095,예
ID-2019-85095,예
ID-2020-13562,예
ID-2020-13562,예
ID-2020-13562,예
ID-2020-22025,예
ID-2020-23495,예
ID-2020-23495,예
ID-2020-23495,예
ID-2020-29662,예
ID-2020-34051,예
ID-2020-34051,예
ID-2020-34051,예
ID-2020-34051,예
ID-2020-36312,예
ID-2020-41968,예
ID-2020-48709,예
ID-2020-48709,예
ID-2020-51446,예
ID-2020-51446,예
ID-2020-51446,예
ID-2020-51446,예
ID-2020-52643,예
ID-2020-52643,예
ID-2020-52643,예
ID-2020-52643,예
ID-2020-52643,예
ID-2020-59566,예
ID-2020-59566,예
ID-2020-59566,예
ID-2020-60637,예
ID-2020-64060,예
ID-2020-64060,예
ID-2020-64970,예
ID-2020-64970,예
ID-2020-64970,예
ID-2020-64970,예
ID-2020-67693,예
ID-2020-68498,예
ID-2020-68498,예
ID-2020-72362,예
ID-2020-72362,예
ID-2020-74357,예
ID-2020-74357,예
ID-2020-74357,예
ID-2020-74875,예
ID-2020-78795,예
ID-2020-78795,예
ID-2020-78795,예
ID-2020-78795,예
ID-2020-79117,예
ID-2020-79117,예
ID-2020-83975,예
ID-2020-83975,예
ID-2020-85074,예
ID-2020-85074,예
ID-2021-11098,예
ID-2021-11098,예
ID-2021-11098,예
ID-2021-11098,예
ID-2021-11098,예
ID-2021-11098,예
ID-2021-15186,예
ID-2021-15186,예
ID-2021-16474,예
ID-2021-16474,예
ID-2021-17475,예
ID-2021-17475,예
ID-2021-17475,예
ID-2021-17475,예
ID-2021-17475,예
ID-2021-17475,예
ID-2021-25707,예
ID-2021-25707,예
ID-2021-33680,예
ID-2021-35374,예
ID-2021-35374,예
ID-2021-35374,예
ID-2021-35374,예
ID-2021-35374,예
ID-2021-39084,예
ID-2021-41191,예
ID-2021-41191,예
ID-2021-45580,예
ID-2021-56339,예
ID-2021-56339,예
ID-2021-56339,예
ID-2021-56752,예
ID-2021-56752,예
ID-2021-64914,예
ID-2021-68505,예
ID-2021-68505,예
ID-2021-68505,예
ID-2021-71403,예
ID-2021-71403,예
ID-2021-71403,예
ID-2021-71403,예
ID-2021-71403,예
ID-2021-71403,예
ID-2021-86033,예
ID-2021-86033,예
ID-2021-86033,예
ID-2021-86033,예
IN-2018-10419,예
IN-2018-10419,예
IN-2018-10419,예
IN-2018-10419,예
IN-2018-11889,예
IN-2018-11889,예
IN-2018-12806,예
IN-2018-12806,예
IN-2018-12806,예
IN-2018-12806,예
IN-2018-12806,예
IN-2018-12806,예
IN-2018-12806,예
IN-2018-12806,예
IN-2018-13492,예
IN-2018-13492,예
IN-2018-14017,예
IN-2018-14017,예
IN-2018-14017,예
IN-2018-14017,예
IN-2018-17594,예
IN-2018-17594,예
IN-2018-17594,예
IN-2018-17594,예
IN-2018-23712,예
IN-2018-23712,예
IN-2018-23712,예
IN-2018-23712,예
IN-2018-23789,예
IN-2018-23789,예
IN-2018-24069,예
IN-2018-24069,예
IN-2018-25070,예
IN-2018-25070,예
IN-2018-25070,예
IN-2018-25070,예
IN-2018-30894,예
IN-2018-30894,예
IN-2018-30894,예
IN-2018-30894,예
IN-2018-31020,예
IN-2018-31020,예
IN-2018-31020,예
IN-2018-31020,예
IN-2018-31020,예
IN-2018-31020,예
IN-2018-33183,예
IN-2018-33183,예
IN-2018-33183,예
IN-2018-33183,예
IN-2018-33183,예
IN-2018-33183,예
IN-2018-33183,예
IN-2018-33183,예
IN-2018-33890,예
IN-2018-35857,예
IN-2018-36074,예
IN-2018-36179,예
IN-2018-36179,예
IN-2018-36179,예
IN-2018-38965,예
IN-2018-38965,예
IN-2018-38965,예
IN-2018-40568,예
IN-2018-40568,예
IN-2018-40568,예
IN-2018-50361,예
IN-2018-50361,예
IN-2018-50361,예
IN-2018-50361,예
IN-2018-50613,예
IN-2018-50613,예
IN-2018-50613,예
IN-2018-52125,예
IN-2018-53203,예
IN-2018-53203,예
IN-2018-53203,예
IN-2018-53203,예
IN-2018-53203,예
IN-2018-54533,예
IN-2018-54533,예
IN-2018-54533,예
IN-2018-56451,예
IN-2018-56451,예
IN-2018-56486,예
IN-2018-56738,예
IN-2018-58341,예
IN-2018-58341,예
IN-2018-59013,예
IN-2018-60196,예
IN-2018-60196,예
IN-2018-60560,예
IN-2018-60560,예
IN-2018-60560,예
IN-2018-62331,예
IN-2018-62331,예
IN-2018-63808,예
IN-2018-64361,예
IN-2018-72502,예
IN-2018-72502,예
IN-2018-72502,예
IN-2017-73055,예
IN-2018-76758,예
IN-2018-76758,예
IN-2018-76758,예
IN-2018-76758,예
IN-2018-85284,예
IN-2018-85284,예
IN-2018-85284,예
IN-2018-85284,예
IN-2018-86278,예
IN-2018-86278,예
IN-2018-86278,예
IN-2018-86278,예
IN-2018-86278,예
IN-2018-86278,예
IN-2018-86642,예
IN-2019-10986,예
IN-2019-10986,예
IN-2019-12477,예
IN-2019-13772,예
IN-2019-13772,예
IN-2019-16572,예
IN-2019-16845,예
IN-2019-16845,예
IN-2019-16845,예
IN-2019-16845,예
IN-2019-16845,예
IN-2019-17783,예
IN-2019-17783,예
IN-2019-17783,예
IN-2019-17783,예
IN-2019-17783,예
IN-2019-19995,예
IN-2019-23089,예
IN-2019-23089,예
IN-2019-23089,예
IN-2019-24132,예
IN-2019-24783,예
IN-2019-24783,예
IN-2019-25371,예
IN-2019-25371,예
IN-2019-25371,예
IN-2019-25371,예
IN-2019-25371,예
IN-2019-25371,예
IN-2019-26757,예
IN-2019-27597,예
IN-2019-27597,예
IN-2019-27597,예
IN-2019-28024,예
IN-2019-28024,예
IN-2019-28024,예
IN-2019-28493,예
IN-2019-28493,예
IN-2019-29228,예
IN-2019-29228,예
IN-2019-29228,예
IN-2019-29228,예
IN-2019-30572,예
IN-2019-30572,예
IN-2019-30572,예
IN-2019-30572,예
IN-2019-31944,예
IN-2019-31944,예
IN-2019-32882,예
IN-2019-32882,예
IN-2019-32882,예
IN-2019-32882,예
IN-2019-32882,예
IN-2019-33918,예
IN-2019-35990,예
IN-2019-35990,예
IN-2019-35990,예
IN-2019-35990,예
IN-2019-35990,예
IN-2019-36088,예
IN-2019-36088,예
IN-2019-36788,예
IN-2019-36788,예
IN-2019-39336,예
IN-2019-39336,예
IN-2019-39889,예
IN-2019-39889,예
IN-2019-41261,예
IN-2019-41261,예
IN-2019-41261,예
IN-2019-41261,예
IN-2019-41261,예
IN-2019-41261,예
IN-2019-41261,예
IN-2019-41261,예
IN-2019-41261,예
IN-2019-41261,예
IN-2019-41261,예
IN-2019-41261,예
IN-2019-41261,예
IN-2019-41415,예
IN-2019-44194,예
IN-2019-44194,예
IN-2019-44194,예
IN-2019-44194,예
IN-2019-44194,예
IN-2019-44194,예
IN-2019-44194,예
IN-2019-44194,예
IN-2019-44194,예
IN-2019-44194,예
IN-2019-44194,예
IN-2019-44509,예
IN-2019-44509,예
IN-2019-44691,예
IN-2019-44691,예
IN-2019-44810,예
IN-2019-44810,예
IN-2019-44810,예
IN-2019-45972,예
IN-2019-45972,예
IN-2019-45972,예
IN-2019-45972,예
IN-2019-48744,예
IN-2019-48744,예
IN-2019-49864,예
IN-2019-52524,예
IN-2019-52657,예
IN-2019-56178,예
IN-2019-56682,예
IN-2019-56682,예
IN-2019-59391,예
IN-2019-59391,예
IN-2019-59391,예
IN-2019-63934,예
IN-2019-63934,예
IN-2019-64116,예
IN-2019-64116,예
IN-2019-64116,예
IN-2019-64116,예
IN-2019-64116,예
IN-2019-66531,예
IN-2019-67791,예
IN-2019-68897,예
IN-2019-68911,예
IN-2019-68911,예
IN-2019-68911,예
IN-2019-69044,예
IN-2019-69044,예
IN-2019-69044,예
IN-2019-69072,예
IN-2019-69072,예
IN-2019-69072,예
IN-2019-69072,예
IN-2019-69072,예
IN-2019-69072,예
IN-2019-69870,예
IN-2019-69870,예
IN-2019-70073,예
IN-2019-73216,예
IN-2019-75134,예
IN-2019-75134,예
IN-2019-75211,예
IN-2019-75211,예
IN-2019-78067,예
IN-2019-78067,예
IN-2019-78067,예
IN-2019-78067,예
IN-2019-78865,예
IN-2019-80370,예
IN-2019-80370,예
IN-2019-80370,예
IN-2019-81812,예
IN-2019-81812,예
IN-2019-83380,예
IN-2019-83380,예
IN-2019-85935,예
IN-2019-85935,예
IN-2020-12715,예
IN-2020-12715,예
IN-2020-12715,예
IN-2020-12736,예
IN-2020-12736,예
IN-2020-12736,예
IN-2020-13786,예
IN-2020-14409,예
IN-2020-14409,예
IN-2020-14437,예
IN-2020-14437,예
IN-2020-14437,예
IN-2020-14437,예
IN-2020-14437,예
IN-2020-14437,예
IN-2020-14437,예
IN-2020-14437,예
IN-2020-15466,예
IN-2020-17041,예
IN-2020-17041,예
IN-2020-17699,예
IN-2020-17699,예
IN-2020-17699,예
IN-2020-17699,예
IN-2020-17699,예
IN-2020-17699,예
IN-2020-17699,예
IN-2020-17699,예
IN-2020-17699,예
IN-2020-17699,예
IN-2020-18175,예
IN-2020-18175,예
IN-2020-18175,예
IN-2020-18497,예
IN-2020-18497,예
IN-2020-18497,예
IN-2020-18497,예
IN-2020-18497,예
IN-2020-18497,예
IN-2020-19071,예
IN-2020-19400,예
IN-2020-19400,예
IN-2020-19400,예
IN-2020-19645,예
IN-2020-19645,예
IN-2020-19645,예
IN-2020-19645,예
IN-2020-20548,예
IN-2020-21003,예
IN-2020-21003,예
IN-2020-22298,예
IN-2020-22298,예
IN-2020-22298,예
IN-2020-22571,예
IN-2020-22571,예
IN-2020-25112,예
IN-2020-25112,예
IN-2020-25112,예
IN-2020-25112,예
IN-2020-25245,예
IN-2020-27828,예
IN-2020-27828,예
IN-2020-27828,예
IN-2020-27828,예
IN-2020-33204,예
IN-2020-35087,예
IN-2020-35087,예
IN-2020-35087,예
IN-2020-35087,예
IN-2020-35087,예
IN-2020-35087,예
IN-2020-35304,예
IN-2020-38174,예
IN-2020-38174,예
IN-2020-40218,예
IN-2020-40218,예
IN-2020-40218,예
IN-2020-41198,예
IN-2020-41198,예
IN-2020-42192,예
IN-2020-47911,예
IN-2020-47911,예
IN-2020-47911,예
IN-2020-47911,예
IN-2020-48184,예
IN-2020-48184,예
IN-2020-48184,예
IN-2020-48807,예
IN-2020-49318,예
IN-2020-49318,예
IN-2020-51243,예
IN-2020-51775,예
IN-2020-51775,예
IN-2020-53140,예
IN-2020-55135,예
IN-2020-55135,예
IN-2020-55639,예
IN-2020-56689,예
IN-2020-56689,예
IN-2020-59160,예
IN-2020-59454,예
IN-2020-64578,예
IN-2020-64578,예
IN-2020-64977,예
IN-2020-64977,예
IN-2020-64977,예
IN-2020-64977,예
IN-2020-64977,예
IN-2020-65068,예
IN-2020-65068,예
IN-2020-68449,예
IN-2020-68449,예
IN-2020-69128,예
IN-2020-69128,예
IN-2020-69128,예
IN-2020-69128,예
IN-2020-69128,예
IN-2020-70990,예
IN-2020-77878,예
IN-2020-77878,예
IN-2020-77878,예
IN-2020-77878,예
IN-2020-84584,예
IN-2020-84584,예
IN-2020-84584,예
IN-2021-10979,예
IN-2021-10979,예
IN-2021-10979,예
IN-2021-11637,예
IN-2021-11637,예
IN-2021-14003,예
IN-2021-14003,예
IN-2021-14003,예
IN-2021-14003,예
IN-2021-14003,예
IN-2021-15011,예
IN-2021-15011,예
IN-2021-15011,예
IN-2021-15676,예
IN-2021-15676,예
IN-2021-16929,예
IN-2021-16929,예
IN-2021-17027,예
IN-2021-17027,예
IN-2021-17027,예
IN-2021-17160,예
IN-2021-17160,예
IN-2021-17160,예
IN-2021-17615,예
IN-2021-17615,예
IN-2021-17615,예
IN-2021-17615,예
IN-2021-18441,예
IN-2021-19911,예
IN-2021-19911,예
IN-2021-19911,예
IN-2021-19911,예
IN-2021-21059,예
IN-2021-21059,예
IN-2021-23481,예
IN-2021-23929,예
IN-2021-23929,예
IN-2021-23929,예
IN-2021-23929,예
IN-2021-24531,예
IN-2021-24531,예
IN-2021-25637,예
IN-2021-27863,예
IN-2021-28640,예
IN-2021-28640,예
IN-2021-28640,예
IN-2021-29767,예
IN-2021-29767,예
IN-2021-29767,예
IN-2021-30173,예
IN-2021-30649,예
IN-2021-31356,예
IN-2021-31790,예
IN-2021-31790,예
IN-2021-31790,예
IN-2021-32091,예
IN-2021-32091,예
IN-2021-35346,예
IN-2021-35346,예
IN-2021-35346,예
IN-2021-35395,예
IN-2021-37033,예
IN-2021-37033,예
IN-2021-37033,예
IN-2021-37033,예
IN-2021-37712,예
IN-2021-37712,예
IN-2021-38006,예
IN-2021-38356,예
IN-2021-39371,예
IN-2021-39371,예
IN-2021-39371,예
IN-2021-39931,예
IN-2021-41093,예
IN-2021-41093,예
IN-2021-41093,예
IN-2021-41093,예
IN-2021-41093,예
IN-2021-41814,예
IN-2021-41814,예
IN-2021-41814,예
IN-2021-41814,예
IN-2021-43039,예
IN-2021-43039,예
IN-2021-43039,예
IN-2021-43039,예
IN-2021-43039,예
IN-2021-43039,예
IN-2021-43039,예
IN-2021-43410,예
IN-2021-43410,예
IN-2021-43571,예
IN-2021-43571,예
IN-2021-44012,예
IN-2021-44012,예
IN-2021-44719,예
IN-2021-44719,예
IN-2021-46007,예
IN-2021-46007,예
IN-2021-46595,예
IN-2021-46595,예
IN-2021-46665,예
IN-2021-46665,예
IN-2021-46665,예
IN-2021-46665,예
IN-2021-47799,예
IN-2021-47799,예
IN-2021-47848,예
IN-2021-49402,예
IN-2021-49402,예
IN-2021-50158,예
IN-2021-51607,예
IN-2021-51607,예
IN-2021-51607,예
IN-2021-51985,예
IN-2021-52384,예
IN-2021-54708,예
IN-2021-54995,예
IN-2021-57683,예
IN-2021-57683,예
IN-2021-57683,예
IN-2021-57683,예
IN-2021-58460,예
IN-2021-58460,예
IN-2021-58460,예
IN-2021-58607,예
IN-2021-58607,예
IN-2021-58607,예
IN-2021-60476,예
IN-2021-60476,예
IN-2021-60476,예
IN-2021-60476,예
IN-2021-60476,예
IN-2021-61260,예
IN-2021-61260,예
IN-2021-61932,예
IN-2021-61932,예
IN-2021-61932,예
IN-2021-62275,예
IN-2021-62275,예
IN-2021-62338,예
IN-2021-62366,예
IN-2021-62366,예
IN-2021-62366,예
IN-2021-62366,예
IN-2021-64347,예
IN-2021-64347,예
IN-2021-66062,예
IN-2021-66062,예
IN-2021-66062,예
IN-2021-66062,예
IN-2021-66062,예
IN-2021-66573,예
IN-2021-66573,예
IN-2021-66573,예
IN-2021-68008,예
IN-2021-68008,예
IN-2021-68008,예
IN-2021-68008,예
IN-2021-68337,예
IN-2021-68337,예
IN-2021-68337,예
IN-2021-68337,예
IN-2021-68337,예
IN-2021-68337,예
IN-2021-69205,예
IN-2021-69205,예
IN-2021-69205,예
IN-2021-69205,예
IN-2021-71907,예
IN-2021-71907,예
IN-2021-71907,예
IN-2021-71907,예
IN-2021-71956,예
IN-2021-72278,예
IN-2021-72278,예
IN-2021-72747,예
IN-2021-72747,예
IN-2021-72747,예
IN-2021-72747,예
IN-2021-72747,예
IN-2021-73447,예
IN-2021-73447,예
IN-2021-73972,예
IN-2021-75470,예
IN-2021-75470,예
IN-2021-75470,예
IN-2021-75470,예
IN-2021-75470,예
IN-2021-75855,예
IN-2021-75855,예
IN-2021-77339,예
IN-2021-77339,예
IN-2021-77941,예
IN-2021-77941,예
IN-2021-77941,예
IN-2021-77941,예
IN-2021-77941,예
IN-2021-79593,예
IN-2021-84353,예
IN-2021-84948,예
IN-2021-84948,예
IN-2021-84948,예